ATF2 S112	0.618561	0.668934	1	1.14695
ARFGAP1 T135	0.531292	0.790487	1	0.996245
AKAP11 S456	0.729819	1.08557	1	1.26832
AFF4 S694	0.480079	0.672932	1	0.885992
MKI67 T1923	0.724398	0.978419	1	0.952806
SSB S366	0.522145	0.695267	1	0.64334
BCLAF1 S385	0.535727	0.739429	1	0.865684
RCAN1 S163,S167	0.700978	0.735443	1	1.21631
C14orf106 T993	0.62509	0.943908	1	1.17614
TOP2B S1408	0.929296	1.24612	1	1.10026
EHD1 S456	0.543749	0.683464	1	1.22745
EHD4 S459	0.679102	0.732306	1	1.33411
EIF3C S39	0.735592	0.785705	1	0.863179
EIF4EBP1 T37,T46	0.562366	0.618072	1	0.890419
EIF4EBP1 T45,T46	0.587603	0.757105	1	1.0163
EIF4EBP2 T37,T46	0.637453	1.11426	1	1.03574
ERCC6 S429,S430	0.690154	0.983157	1	1.10105
FAM33A S101	0.476093	0.602963	1	0.999088
FASN T2204	0.70564	1.15507	1	1.01918
YTHDC2 S1263,S1267	1.00044	0.53684	1	0.756418
FZR1 S151	0.600372	0.814573	1	0.913334
FZR1 S138,S151	0.444909	0.819988	1	0.880154
HERC1 S1328	0.421617	2.35258	1	1.12186
HNRPF S310	0.553332	0.661777	1	0.785502
SMARCAD1 S146	0.783214	0.823217	1	1.02767
SMARCAD1 S146,S152	0.472077	0.729942	1	1.12601
TMEM51 S133	0.700627	1.07686	1	1.14509
FLJ20297 T640	0.576041	1.09912	1	0.998631
NKAP S149	0.60384	0.849153	1	1.03166
KIAA0460 S337	1.0045	0.851566	1	0.958543
ZC3H13 S993	0.574266	0.573898	1	0.923913
MEF2A S98,T108	0.483571	0.668256	1	0.710054
CTAGE5 S442,S447	0.127409	1.40086	1	1.5023
CTAGE5 S447	0.19714	1.35857	1	1.73146
MAP1A S526,S527	0.845464	1.08033	1	0.996048
MAP1B T1156	0.724505	0.690153	1	1.23156
MAP1B T941	0.78122	0.642578	1	1.23295
MAP1B T1662,S1667,S1671	0.670622	0.619762	1	0.721312
MCM3 S711	0.366031	0.919442	1	0.994966
MCM3 S711,T722	0.36604	0.626312	1	0.87847
MPHOSPH10 S163,S167,S171	0.402721	0.567604	1	0.91561
MPHOSPH6 T147	0.0490064	0.712864	1	1.23326
NUMA1 S1755,T1762	0.505307	0.777463	1	1.46091
NUP98 S595,S606	0.51071	0.774513	1	0.740985
PDE5A T137	4.66731	1.36076	1	1.32099
CHD8 S1420,S1424	0.39386	1.43358	1	1.00088
KIAA1458 S315,S343,S345	0.573257	1.05847	1	1.03929
LOC440991 T221	0.680012	0.727771	1	0.83784
LOC439961 S104	0.450675	0.598047	1	1.13607
FAM40B S788	0.644411	0.703499	1	0.922253
PRPF31 S450,T455	0.720711	1.20396	1	1.01306
PGRMC2 T211	0.597443	0.86415	1	1.1012
PGRMC1 S181	0.547095	0.541364	1	0.67909
RANBP2 T2639	0.538355	0.740427	1	1.03547
RIF1 T702	0.611031	0.966822	1	1.2485
RB1 S608,S612	0.436323	0.629817	1	0.994255
RBL1 T385	0.469221	0.750737	1	1.12853
RRM2 S20	0.523169	0.570277	1	1.00515
SQSTM1 T269	0.94828	0.61666	1	1.10311
SQSTM1 T269,S272	1.07777	0.541877	1	1.19944
SDCCAG1 S417	0.502821	0.946584	1	1.10328
SON S2011,S2013	0.752556	0.721605	1	0.864321
SRRM2 S1124	0.693995	0.886556	1	1.02608
SRRM2 S1320,S1329	0.639393	0.915915	1	1.12852
SCD S203	0.361252	0.906486	1	1.12578
SURF2 T195	0.481328	0.852712	1	1.03129
SURF2 T190,T195	0.451648	0.84875	1	1.25643
THRAP3 T874	0.691467	0.942004	1	1.22515
